id,author,product,review_text
1,Анна К.,Беспроводные наушники SoundX Pro,"Купила месяц назад, звук просто отличный, бас глубокий, в дороге шумоподавление спасает. Заряда хватает на весь день. Очень довольна покупкой!"
2,Дмитрий В.,Робот-пылесос CleanBot 3000,"Собирает мусор неплохо, но постоянно застревает под диваном и приходится его оттуда доставать руками. Приложение глючит, иногда не видит пылесос вообще. За свою цену, наверное, нормально."
3,Елена М.,Электрочайник TeaMaster,"Обычный чайник, кипятит воду как и положено. Ничего особенного сказать не могу, работает исправно уже полгода."
4,Сергей П.,Смарт-часы FitTrack 5,"Ужасное качество! Через две недели использования экран начал мигать, а пульсометр показывает рандомные цифры. Просил возврат денег - служба поддержки игнорирует уже неделю."
5,Ольга Т.,Кофемашина BrewPerfect,"Кофе получается просто шикарный, как в кофейне! Лёгкая в уходе, быстро разогревается. Единственный минус - довольно шумная при помоле зёрен, но это мелочи."
6,Игорь Н.,Игровая мышь RapidClick,"Сенсор точный, кнопки отзывчивые, для FPS игр самое то. Подсветка RGB красиво настраивается через софт. Однозначно рекомендую геймерам."
7,Мария Л.,Утюг SteamGlide,"Протекает вода из подошвы прямо на одежду, оставляет разводы. Купила неделю назад, уже хочу вернуть. Очень разочарована, ожидала большего за такую цену."
8,Виктор Р.,Внешний аккумулятор PowerBank 20000,"Заряжает телефон 4-5 раз, что соответствует заявленному объёму. Корпус приятный на ощупь, не скользит в руке. В целом неплохой вариант для путешествий."
9,Татьяна Ж.,Блендер MixMaster,"Мощности достаточно даже для замороженных ягод, смузи получаются однородные. Моется легко, разборная чаша. Очень рекомендую для тех, кто следит за питанием."
10,Алексей Б.,Монитор ViewClear 27,"Матрица неплохая, цвета сочные, но за месяц появился один битый пиксель в углу экрана. Подставка шатается, пришлось докручивать самостоятельно."
11,Наталья С.,Фен HairPro Ion,"Сушит волосы очень быстро, ионизация реально работает - волосы не пушатся. Несколько режимов температуры, насадки удобные. Лучший фен из всех, что у меня были."
12,Павел Д.,Клавиатура MechType,"Звук при печати приятный, клавиши тактильные. Но раскладка немного непривычная, первое время путался. В целом качество сборки на уровне."
13,Юлия К.,Увлажнитель воздуха AirFresh,"Через три дня перестал работать дисплей, хотя сам увлажнитель продолжает функционировать. Брак, видимо. Буду обращаться по гарантии."
14,Роман Ф.,Рюкзак TravelMax,"Вместительный, отделений много, спина не потеет благодаря сетчатой вставке. Ездил с ним в командировку - всё необходимое поместилось. Качество швов хорошее."
15,Светлана О.,Утятница CeramicCook,"Покрытие облезло уже после третьего использования, еда начала пригорать. Очень странно для керамической посуды такой ценовой категории. Не советую."
16,Андрей Щ.,Проектор HomeCinema X1,"Картинка яркая даже днём, звук встроенных динамиков на удивление неплохой. Установка заняла минут десять. Для домашнего кинотеатра отличный вариант."
17,Ирина М.,Весы напольные SmartScale,"Показания скачут на полтора-два килограмма при повторном взвешивании подряд. Точность под вопросом, не могу доверять этим цифрам."
18,Константин Л.,Термос ThermoKeep,"Держит температуру заявленные 12 часов, проверял лично - утром кофе всё ещё горячий. Компактный, помещается в любую сумку. Очень доволен."
